<beans xmlns="http://www.springframework.org/schema/beans"
	xmlns:xsi="http://www.w3.org/2001/XMLSchema-instance" xmlns:p="http://www.springframework.org/schema/p"
	xmlns:aop="http://www.springframework.org/schema/aop" xmlns:context="http://www.springframework.org/schema/context"
	xmlns:jee="http://www.springframework.org/schema/jee" xmlns:tx="http://www.springframework.org/schema/tx"
	xmlns:task="http://www.springframework.org/schema/task"
	xsi:schemaLocation="http://www.springframework.org/schema/aop http://www.springframework.org/schema/aop/spring-aop-3.2.xsd http://www.springframework.org/schema/beans http://www.springframework.org/schema/beans/spring-beans-3.2.xsd http://www.springframework.org/schema/context http://www.springframework.org/schema/context/spring-context-3.2.xsd http://www.springframework.org/schema/jee http://www.springframework.org/schema/jee/spring-jee-3.2.xsd http://www.springframework.org/schema/tx http://www.springframework.org/schema/tx/spring-tx-3.2.xsd http://www.springframework.org/schema/task http://www.springframework.org/schema/task/spring-task-3.2.xsd">
 
	
  
 <!-- Defined three beans for Instruments -->
		
	<bean id="Saxaphone" class="com.training.walmart.secondspring.Saxaphone"/>

    <bean id="Flute" class="com.training.walmart.secondspring.Flute"/>	

	<bean id="Guitar" class="com.training.walmart.secondspring.Guitar"/>
	
 
 <!-- Defined  bean for OneMAnBand -->
	<bean id="OneManBand" class="com.training.walmart.secondspring.OneManBand">	
		
	<property name="instruments">
	 
 <!-- Adding to list -->
	<list>
            <ref bean = "Saxaphone"/>
            <ref bean = "Flute"/>
            <ref bean = "Guitar"/>
            
     </list>
	
	</property>
		
	</bean>

</beans>